Name,Staff ID,Email,Phone Num
Mohamad Azlan;1234567;azlanjamil18@gmail.com;0174393194
Izhmin Haiqal;293874761;IzhminHaiqal12@gmail.com;019466522
Saifuddin;9008754;Saif@gmail.com;0164453326
Amira Soleh;2020364771;Mira1@gmail.com;0129989987
Ali;1241;ali@gmail.com;018424223
adwa;dawdawdawd;awdawda;dawda
John;5322;john@gmail.com;01834733
adwaw;ada;wada;ada
Lina Syazani;iliya06;iliyanazarudin@gmail.com;011929292
